1542873990163,1542939483666,1543368975544,1543369195774,1543461245484,1543461634071,1543500445158,1543664800984,1543666022392,1543666790683,1543739177431
INSERT INTO surat_perintah VALUES('1542873990163','fasdfaseg','fasdfaseg','324','1542819600000','null',2323,2121,'2121','1542819600000','1235378126<b>Bayu Arafli<b>Penata Kemudaan<b>IV.a<b>Kaicho<b>Staff','01212','01212',12,12,'Digidaw Aweu','1543338000000'),('1542939483666','nomor surat','nomor surat','nomor dasar','1542906000000','null',1212,1212,'nomor apbd','1542819600000','12783628713<b>Hanna Hafifah<b>Penata muda<b>IV.a<b>DESIGN ANALYST<b>staff','01212','11213',12,12,'dimanasaja','1543338000000'),('1543368975544','SRNM2018','SRNM2018','DSR100909','1543338000000','SuratKEP',2019,2019,'APBD2019','1543338000000','1235378126<b>Bayu Arafli<b>Penata Kemudaan<b>IV.a<b>Kaicho<b>Staff','1546275600000','1575133200000',1,10,'Bandung','1543338000000'),('1543369195774','SR0908800','SR0908800','SDRNN09089897','1543338000000','Bupati',2018,2019,'APBD','1543338000000','81927389217<b>Rony Nata<b>Penata muda<b>IV.a<b>Analyst<b>staff','1546275600000','1575133200000',1,10,'Bandung','1543338000000'),('1543461245484','null','SRSRS12','DSR123456','1574960400000','Sekda',2019,2019,'APBD-312','1574960400000','1235378126<b>Bayu Arafli<b>Penata Kemudaan<b>IV.a<b>Kaicho<b>Staff','1546275600000','1590944400000',1,10,'Bekasi','1546189200000'),('1543461634071','null','SN2341444','NMR14333','1574960400000','Sekda',2019,2019,'APBD090888','1574960400000','1235378126<b>Bayu Arafli<b>Penata Kemudaan<b>IV.a<b>Kaicho<b>Staff','1546275600000','1590944400000',9,10,'Bekasi','1574960400000'),('1543500445158','null','SP10-XY334','NMR9800770979070','1543510800000','Bupati',2018,2019,'APBD-2019','1543424400000','196312061992031007<b>Drs. H. JUHANDI, M.Si<b>Pembina Utama Muda<b>II.a<b><b>KEPALA BADAN PENDAPATAN','1514739600000','1543597200000',1,10,'Cikarang','1543424400000'),('1543664800984','SRSRSR','SRSRSR','161287317123123','1545930000000','Saya',12638716,2019,'12321hbjvjfj','1543683600000','19680101 200801 1 030<b>Drs. DIDI SUDIRMAN<b>Penata<b>III/c<b>Ketua<b>Kepala Sub Bidang Pengendalian dan Peningkatan PAD','1548954000000','1548954000000',1,10,'bandung','1544547600000'),('1543666022392','132131','132131','12313123','1543597200000','13213',1232131,12321,'12313','1543942800000','19880530 201101 1 001<b>IRVAN HERMAWAN, A.Md<b>Pengatur Tingkat I<b>II/d<b><b>Pelaksana','-23319990000000','-23319990000000',1231,12313,'13131','1543424400000'),('1543666790683','NomorNomor','NomorNomor','Dasardasar','1544029200000','123213123131',1231231,1232131,'123213','1544634000000','19840926 200212 1 001<b>AKAM MUHARAM, S.STP, M.M<b>Penata Tingkat I<b>III/d<b><b>Kepala Bidang Pengendalian dan Pembukuan','1514739600000','1546275600000',1,10,'12312313','1546016400000'),('1543739177431','89898','89898','2737','1543683600000','Bupati',2018,2018,'8329','1543683600000','19631113 198603 2 006<b>Hj. DIAH SULISSETIANI<b>Penata Muda Tingkat I<b>III/b<b><b>Pelaksana','1514739600000','1517418000000',2,2,'Bekasi','1543683600000');
INSERT INTO tim_perintah VALUES('1542873990163','1235378126<b>Bayu Arafli<b>Penata Kemudaan<b>IV.a<b>Kaicho<b>Staff','12783628713<b>Hanna Hafifah<b>Penata muda<b>IV.a<b>DESIGN ANALYST<b>staff','null','Tim Kaicho','1235378126<b>Bayu Arafli<b>Penata Kemudaan<b>IV.a<b>Kaicho<b>Staff<p>98097077700<b>Okazaki<b>Vice Kaicho<b>Jalan yang salah<b>Vice Kaicho<b>Staff','1542006560917'),('1542939483666','12783628713<b>Hanna Hafifah<b>Penata muda<b>IV.a<b>DESIGN ANALYST<b>staff','1235378126<b>Bayu Arafli<b>Penata Kemudaan<b>IV.a<b>Kaicho<b>Staff','null','Tim 1','81927389217<b>Rony Nata<b>Penata muda<b>IV.a<b>Analyst<b>staff<p>08011994<b>Bagus Jatikusuma<b>Kaicho<b>Jalan yang lurus<b>kaicho<b>staff<p>7698613613658175<b>Konayuki<b>Vice Kaicho<b>Kiri<b>vice kaicho<b>staff','1542006560917<p>1542029878107'),('1542939483666','81927389217<b>Rony Nata<b>Penata muda<b>IV.a<b>Analyst<b>staff','98097077700<b>Okazaki<b>Vice Kaicho<b>Jalan yang salah<b>Vice Kaicho<b>pejabat','null','Tim Kaicho','1235378126<b>Bayu Arafli<b>Penata Kemudaan<b>IV.a<b>Kaicho<b>Staff<p>98097077700<b>Okazaki<b>Vice Kaicho<b>Jalan yang salah<b>Vice Kaicho<b>Staff','1542029878127<p>1542029878139'),('1543368975544','08011994<b>Bagus Jatikusuma<b>Kaicho<b>Jalan yang lurus<b>kaicho<b>Kepala Dinas','81927389217<b>Rony Nata<b>Penata muda<b>IV.a<b>Analyst<b>staff','01','Tim 1','81927389217<b>Rony Nata<b>Penata muda<b>IV.a<b>Analyst<b>staff<p>08011994<b>Bagus Jatikusuma<b>Kaicho<b>Jalan yang lurus<b>kaicho<b>staff<p>7698613613658175<b>Konayuki<b>Vice Kaicho<b>Kiri<b>vice kaicho<b>staff','1542006560917'),('1543368975544','12783628713<b>Hanna Hafifah<b>Penata muda<b>IV.a<b>DESIGN ANALYST<b>staff','1235378126<b>Bayu Arafli<b>Penata Kemudaan<b>IV.a<b>Kaicho<b>Staff','1542636223626','Tim Kaicho','1235378126<b>Bayu Arafli<b>Penata Kemudaan<b>IV.a<b>Kaicho<b>Staff<p>98097077700<b>Okazaki<b>Vice Kaicho<b>Jalan yang salah<b>Vice Kaicho<b>Staff','1542006560917'),('1543369195774','1235378126<b>Bayu Arafli<b>Penata Kemudaan<b>IV.a<b>Kaicho<b>Staff','81927389217<b>Rony Nata<b>Penata muda<b>IV.a<b>Analyst<b>staff','01','Tim 1','81927389217<b>Rony Nata<b>Penata muda<b>IV.a<b>Analyst<b>staff<p>08011994<b>Bagus Jatikusuma<b>Kaicho<b>Jalan yang lurus<b>kaicho<b>staff<p>7698613613658175<b>Konayuki<b>Vice Kaicho<b>Kiri<b>vice kaicho<b>staff','1542006560917'),('1543369195774','12783628713<b>Hanna Hafifah<b>Penata muda<b>IV.a<b>DESIGN ANALYST<b>staff','08011994<b>Bagus Jatikusuma<b>Kaicho<b>Jalan yang lurus<b>kaicho<b>Kepala Dinas','02','Tim 2','12783628713<b>Hanna Hafifah<b>Penata muda<b>IV.a<b>DESIGN ANALYST<b>staff','1542029878107'),('1543369195774','98097077700<b>Okazaki<b>Vice Kaicho<b>Jalan yang salah<b>Vice Kaicho<b>pejabat','7698613613658175<b>Konayuki<b>Vice Kaicho<b>Kiri<b>vice kaicho<b>Non-pejabat','1542636223626','Tim Kaicho','1235378126<b>Bayu Arafli<b>Penata Kemudaan<b>IV.a<b>Kaicho<b>Staff<p>98097077700<b>Okazaki<b>Vice Kaicho<b>Jalan yang salah<b>Vice Kaicho<b>Staff','1542029878127'),('1543461245484','1235378126<b>Bayu Arafli<b>Penata Kemudaan<b>IV.a<b>Kaicho<b>Staff','81927389217<b>Rony Nata<b>Penata muda<b>IV.a<b>Analyst<b>staff','1542636223626','Tim Kaicho','1235378126<b>Bayu Arafli<b>Penata Kemudaan<b>IV.a<b>Kaicho<b>Staff<p>98097077700<b>Okazaki<b>Vice Kaicho<b>Jalan yang salah<b>Vice Kaicho<b>Staff','1542006560917<p>1542029878107'),('1543461245484','1235378126<b>Bayu Arafli<b>Penata Kemudaan<b>IV.a<b>Kaicho<b>Staff','81927389217<b>Rony Nata<b>Penata muda<b>IV.a<b>Analyst<b>staff','02','Tim 2','12783628713<b>Hanna Hafifah<b>Penata muda<b>IV.a<b>DESIGN ANALYST<b>staff','1542029878127'),('1543461245484','1235378126<b>Bayu Arafli<b>Penata Kemudaan<b>IV.a<b>Kaicho<b>Staff','81927389217<b>Rony Nata<b>Penata muda<b>IV.a<b>Analyst<b>staff','1542636223626','Tim Kaicho','1235378126<b>Bayu Arafli<b>Penata Kemudaan<b>IV.a<b>Kaicho<b>Staff<p>98097077700<b>Okazaki<b>Vice Kaicho<b>Jalan yang salah<b>Vice Kaicho<b>Staff','1542029878139'),('1543461634071','1235378126<b>Bayu Arafli<b>Penata Kemudaan<b>IV.a<b>Kaicho<b>Staff','81927389217<b>Rony Nata<b>Penata muda<b>IV.a<b>Analyst<b>staff','01','Tim 1','81927389217<b>Rony Nata<b>Penata muda<b>IV.a<b>Analyst<b>staff<p>08011994<b>Bagus Jatikusuma<b>Kaicho<b>Jalan yang lurus<b>kaicho<b>staff<p>7698613613658175<b>Konayuki<b>Vice Kaicho<b>Kiri<b>vice kaicho<b>staff','1542006560917<p>1542029878107'),('1543461634071','1235378126<b>Bayu Arafli<b>Penata Kemudaan<b>IV.a<b>Kaicho<b>Staff','81927389217<b>Rony Nata<b>Penata muda<b>IV.a<b>Analyst<b>staff','02','Tim 2','12783628713<b>Hanna Hafifah<b>Penata muda<b>IV.a<b>DESIGN ANALYST<b>staff','1542029878127'),('1543461634071','1235378126<b>Bayu Arafli<b>Penata Kemudaan<b>IV.a<b>Kaicho<b>Staff','81927389217<b>Rony Nata<b>Penata muda<b>IV.a<b>Analyst<b>staff','1542636223626','Tim Kaicho','1235378126<b>Bayu Arafli<b>Penata Kemudaan<b>IV.a<b>Kaicho<b>Staff<p>98097077700<b>Okazaki<b>Vice Kaicho<b>Jalan yang salah<b>Vice Kaicho<b>Staff','1542029878139'),('1543500445158','08011994<b>Bagus Jatikusuma<b>Kaicho<b>Jalan yang lurus<b>kaicho<b>Kepala Dinas','12783628713<b>Hanna Hafifah<b>Penata muda<b>IV.a<b>DESIGN ANALYST<b>staff','01','Tim 1','81927389217<b>Rony Nata<b>Penata muda<b>IV.a<b>Analyst<b>staff<p>08011994<b>Bagus Jatikusuma<b>Kaicho<b>Jalan yang lurus<b>kaicho<b>staff<p>7698613613658175<b>Konayuki<b>Vice Kaicho<b>Kiri<b>vice kaicho<b>staff','1542006560917'),('1543500445158','1235378126<b>Bayu Arafli<b>Penata Kemudaan<b>IV.a<b>Kaicho<b>Staff','81927389217<b>Rony Nata<b>Penata muda<b>IV.a<b>Analyst<b>staff','02','Tim 2','12783628713<b>Hanna Hafifah<b>Penata muda<b>IV.a<b>DESIGN ANALYST<b>staff','1542029878127'),('1543664800984','19740626 200701 1 006<b>SALAMUN, S.IP<b>Penata Tingkat I<b>III/b<b><b>Pelaksana','19840427 200801 2 003<b>SRI PRIHATIN<b>Penata Muda<b>III/a<b><b>Pelaksana','01','Tim 1','19720707 199803 1 007<b>DERIH, S.E<b>Penata<b>III/c<b>Ketua<b>Kepala Sub Bidang Pemeriksaan Pajak Daerah<p>19681023 199403 2 004<b>ESTER LIMBONG, S.AP<b>Penata<b>III/c<b>Anggota<b>Kepala Sub Bidang Pemeriksaan Pajak Daerah<p>19831207 200902 1 001<b>H. HARIMUDIN, S.E<b>Penata<b>III/c<b>Anggota<b>Kepala Sub Bidang Pemeriksaan Pajak Daerah<p>19800130 201001 1 001<b>FIRMANSYAH, S.E<b>Penata<b>III/c<b>Anggota<b>Kepala Sub Bidang Pemeriksaan Pajak Daerah<p>19710514 200801 2 004<b>SITI KARTINI, S.E, M.IP<b>Penata Tingkat I<b>III/b<b>Anggota<b>Kepala Sub Bidang Pemeriksaan Pajak Daerah<p>19860213 201101 1 002<b>SUTEDY FEBRIANTO, S.Sos, M.Si<b>Penata Tingkat I<b>III/b<b>Anggota<b>Kepala Sub Bidang Pemeriksaan Pajak Daerah','1542006560917<p>1542029878107'),('1543664800984','19820531 201001 2 005<b>DIAN INDRIANTI, S.ST.Pa, M.Si<b>Penata<b>III/c<b><b>Pelaksana','19820810 200902 1 001<b>H. YOGI SUPRAYOGI, S.H<b>Penata<b>III/c<b><b>Pelaksana','1542636223626','Tim Kaicho','19680101 200801 1 030<b>Drs. DIDI SUDIRMAN<b>Penata<b>III/c<b>Ketua<b>Kepala Sub Bidang Pengendalian dan Peningkatan PAD<p>19811210 200902 2 002<b>ISNANING TRIASTUTI, S.IK, M.Si<b>Penata<b>III/c<b>Anggota<b>Kepala Sub Bidang Pengendalian dan Peningkatan PAD<p>19611028 198303 2 011<b>MULTANTIANA<b>Penata Muda Tingkat I<b>III/b<b>Anggota<b>Kepala Sub Bidang Pengendalian dan Peningkatan PAD','P.1.0000015.06.06<p>P.1.0000017.06.07'),('1543666022392','1235378126<b>Bayu Arafli<b>Penata Kemudaan<b>IV.a<b>Kaicho<b>Staff','81927389217<b>Rony Nata<b>Penata muda<b>IV.a<b>Analyst<b>staff','02','Tim 2','12783628713<b>Hanna Hafifah<b>Penata muda<b>IV.a<b>DESIGN ANALYST<b>staff','1542006560917'),('1543666790683','12783628713<b>Hanna Hafifah<b>Penata muda<b>IV.a<b>DESIGN ANALYST<b>staff','81927389217<b>Rony Nata<b>Penata muda<b>IV.a<b>Analyst<b>staff','01','Tim 1','81927389217<b>Rony Nata<b>Penata muda<b>IV.a<b>Analyst<b>staff<p>08011994<b>Bagus Jatikusuma<b>Kaicho<b>Jalan yang lurus<b>kaicho<b>staff<p>7698613613658175<b>Konayuki<b>Vice Kaicho<b>Kiri<b>vice kaicho<b>staff','1542006560917'),('1543739177431','19840926 200212 1 001<b>AKAM MUHARAM, S.STP, M.M<b>Penata Tingkat I<b>III/d<b><b>Kepala Bidang Pengendalian dan Pembukuan','19920903 201406 1 001<b>MUHAMMAD REZHA SEPTIANDY, S.STP<b>Penata Muda<b>III/a<b><b>Pelaksana','01','Tim 1','19720707 199803 1 007<b>DERIH, S.E<b>Penata<b>III/c<b>Ketua<b>Kepala Sub Bidang Pemeriksaan Pajak Daerah<p>19681023 199403 2 004<b>ESTER LIMBONG, S.AP<b>Penata<b>III/c<b>Anggota<b>Kepala Sub Bidang Pemeriksaan Pajak Daerah<p>19831207 200902 1 001<b>H. HARIMUDIN, S.E<b>Penata<b>III/c<b>Anggota<b>Kepala Sub Bidang Pemeriksaan Pajak Daerah<p>19800130 201001 1 001<b>FIRMANSYAH, S.E<b>Penata<b>III/c<b>Anggota<b>Kepala Sub Bidang Pemeriksaan Pajak Daerah<p>19710514 200801 2 004<b>SITI KARTINI, S.E, M.IP<b>Penata Tingkat I<b>III/b<b>Anggota<b>Kepala Sub Bidang Pemeriksaan Pajak Daerah<p>19860213 201101 1 002<b>SUTEDY FEBRIANTO, S.Sos, M.Si<b>Penata Tingkat I<b>III/b<b>Anggota<b>Kepala Sub Bidang Pemeriksaan Pajak Daerah','1542006560917<p>1542029878107');

INSERT INTO nomor_berkas VALUES('1542006560917','1542873990163',null,null,null,null,null,null,null,null,null,null,null,null,null,null,null,null,null),('1542006560917','1542939483666',null,null,null,null,null,null,null,null,null,null,null,null,null,null,null,null,null),('1542029878107','1542939483666',null,null,null,null,null,null,null,null,null,null,null,null,null,null,null,null,null),('1542029878127','1542939483666',null,null,null,null,null,null,null,null,null,null,null,null,null,null,null,null,null),('1542029878139','1542939483666',null,null,null,null,null,null,null,null,null,null,null,null,null,null,null,null,null),('1542006560917','1543368975544',null,null,null,null,null,null,null,null,null,null,null,null,null,null,null,null,null),('1542006560917','1543368975544',null,null,null,null,null,null,null,null,null,null,null,null,null,null,null,null,null),('1542006560917','1543369195774',null,null,'asdhfkjsh123','1543338000000','PS09088','1543338000000',null,null,null,null,null,null,null,null,null,null,null),('1542029878107','1543369195774',null,null,'PSSL01','1543338000000','PS0989988','1543338000000',null,null,null,null,null,null,null,null,null,null,null),('1542029878127','1543369195774',null,null,'PSDR01','1543338000000','PS0908989','1543338000000',null,null,null,null,null,null,null,null,null,null,null),('1542006560917','1543461245484',null,null,null,null,null,null,null,null,null,null,null,null,null,null,null,null,null),('1542029878107','1543461245484',null,null,null,null,null,null,null,null,null,null,null,null,null,null,null,null,null),('1542029878127','1543461245484',null,null,null,null,null,null,null,null,null,null,null,null,null,null,null,null,null),('1542029878139','1543461245484',null,null,null,null,null,null,null,null,null,null,null,null,null,null,null,null,null),('1542006560917','1543461634071',null,null,null,null,null,null,null,null,null,null,null,null,null,null,null,null,null),('1542029878107','1543461634071',null,null,null,null,null,null,null,null,null,null,null,null,null,null,null,null,null),('1542029878127','1543461634071',null,null,null,null,null,null,null,null,null,null,null,null,null,null,null,null,null),('1542029878139','1543461634071',null,null,null,null,null,null,null,null,null,null,null,null,null,null,null,null,null),('1542006560917','1543500445158',null,null,'BK098989897787','1543510800000','SPMBK09888','1543424400000',null,null,null,null,null,null,null,null,null,null,null),('1542029878127','1543500445158',null,null,'DR19808907','1543424400000','SPMDR9890770','1543424400000',null,null,null,null,null,null,null,null,null,null,null),('1542006560917','1543664800984',null,null,null,null,null,null,null,null,null,null,null,null,null,null,null,null,null),('1542029878107','1543664800984',null,null,null,null,null,null,null,null,null,null,null,null,null,null,null,null,null),('P.1.0000015.06.06','1543664800984',null,null,null,null,null,null,null,null,null,null,null,null,null,null,null,null,null),('P.1.0000017.06.07','1543664800984',null,null,null,null,null,null,null,null,null,null,null,null,null,null,null,null,null),('1542006560917','1543666022392','PHPSLR','1543942800000',null,null,null,null,'','1544547600000',null,null,null,null,null,null,null,null,null),('1542006560917','1543666790683',null,null,null,null,null,null,null,null,null,null,null,null,null,null,null,null,null),('1542006560917','1543739177431','132456','1543856400000','12345','1543856400000','45354','1544029200000','','1543942800000','SKPDNJNJNKKKK','1544288400000','977','1544547600000','00000','1543942800000','08:00','Diskominfo','Rabu, 05 Desember 2018'),('1542029878107','1543739177431',null,null,null,null,null,null,null,null,null,null,null,null,null,null,null,null,null);
INSERT INTO rekapitulasi VALUES('1543739177431','1542006560917','Januari 2018',1000000.0,100000.0,500000.0,50000.0,500000.0,50000.0,2000.0,52000.0,4),('1543739177431','1542006560917','Februari 2018',700000.0,70000.0,500000.0,50000.0,200000.0,20000.0,400.0,20400.0,2),('1543666022392','1542006560917','Januari 1231',2000000.0,200000.0,1000000.0,100000.0,1000000.0,100000.0,2000.0,102000.0,2),('1543461245484','1542029878127','Januari 2019',10000.0,1000.0,8000.0,800.0,2000.0,200.0,72.0,272.0,36),('1543461245484','1542029878127','Februari 2019',10000.0,1000.0,8000.0,800.0,2000.0,200.0,68.0,268.0,34),('1543461245484','1542029878127','Maret 2019',10000.0,1000.0,8000.0,800.0,2000.0,200.0,64.0,264.0,32),('1543461245484','1542029878127','April 2019',10000.0,1000.0,8000.0,800.0,2000.0,200.0,60.0,260.0,30),('1543461245484','1542029878127','Mei 2019',10000.0,1000.0,8000.0,800.0,2000.0,200.0,56.0,256.0,28),('1543461245484','1542029878127','Juni 2019',10000.0,1000.0,8000.0,800.0,2000.0,200.0,52.0,252.0,26),('1543461245484','1542029878127','Juli 2019',10000.0,1000.0,8000.0,800.0,2000.0,200.0,48.0,248.0,24),('1543461245484','1542029878127','Agustus 2019',10000.0,1000.0,8000.0,800.0,2000.0,200.0,44.0,244.0,22),('1543461245484','1542029878127','September 2019',10000.0,1000.0,8000.0,800.0,2000.0,200.0,40.0,240.0,20),('1543461245484','1542029878127','Oktober 2019',10000.0,1000.0,8000.0,800.0,2000.0,200.0,36.0,236.0,18),('1543461245484','1542029878127','November 2019',10000.0,1000.0,8000.0,800.0,2000.0,200.0,32.0,232.0,16),('1543461245484','1542029878127','Desember 2019',10000.0,1000.0,8000.0,800.0,2000.0,200.0,28.0,228.0,14),('1543461245484','1542029878127','Januari 2020',10000.0,1000.0,8000.0,800.0,2000.0,200.0,24.0,224.0,12),('1543461245484','1542029878127','Februari 2020',10000.0,1000.0,8000.0,800.0,2000.0,200.0,20.0,220.0,10),('1543461245484','1542029878127','Maret 2020',10000.0,1000.0,8000.0,800.0,2000.0,200.0,16.0,216.0,8),('1543461245484','1542029878127','April 2020',10000.0,1000.0,8000.0,800.0,2000.0,200.0,12.0,212.0,6),('1543461245484','1542029878127','Mei 2020',10000.0,1000.0,8000.0,800.0,2000.0,200.0,8.0,208.0,4),('1543461245484','1542029878127','Juni 2020',10000.0,1000.0,8000.0,800.0,2000.0,200.0,4.0,204.0,2);
