INSERT INTO surat_perintah VALUES('1542873990163','fasdfaseg','fasdfaseg','324','1542819600000','null',2323,2121,'2121','1542819600000','1235378126<b>Bayu Arafli<b>Penata Kemudaan<b>IV.a<b>Kaicho<b>Staff','01212','01212',12,12,'Digidaw Aweu','1543338000000'),('1542939483666','nomor surat','nomor surat','nomor dasar','1542906000000','null',1212,1212,'nomor apbd','1542819600000','12783628713<b>Hanna Hafifah<b>Penata muda<b>IV.a<b>DESIGN ANALYST<b>staff','01212','11213',12,12,'dimanasaja','1543338000000'),('1543368975544','SRNM2018','SRNM2018','DSR100909','1543338000000','SuratKEP',2019,2019,'APBD2019','1543338000000','1235378126<b>Bayu Arafli<b>Penata Kemudaan<b>IV.a<b>Kaicho<b>Staff','1546275600000','1575133200000',1,10,'Bandung','1543338000000'),('1543369195774','SR0908800','SR0908800','SDRNN09089897','1543338000000','Bupati',2018,2019,'APBD','1543338000000','81927389217<b>Rony Nata<b>Penata muda<b>IV.a<b>Analyst<b>staff','1546275600000','1575133200000',1,10,'Bandung','1543338000000'),('1543461245484','null','SRSRS12','DSR123456','1574960400000','Sekda',2019,2019,'APBD-312','1574960400000','1235378126<b>Bayu Arafli<b>Penata Kemudaan<b>IV.a<b>Kaicho<b>Staff','1546275600000','1590944400000',1,10,'Bekasi','1546189200000'),('1543461634071','null','SN2341444','NMR14333','1574960400000','Sekda',2019,2019,'APBD090888','1574960400000','1235378126<b>Bayu Arafli<b>Penata Kemudaan<b>IV.a<b>Kaicho<b>Staff','1546275600000','1590944400000',9,10,'Bekasi','1574960400000'),('1543500445158','null','SP10-XY334','NMR9800770979070','1543510800000','Bupati',2018,2019,'APBD-2019','1543424400000','196312061992031007<b>Drs. H. JUHANDI, M.Si<b>Pembina Utama Muda<b>II.a<b><b>KEPALA BADAN PENDAPATAN','1514739600000','1543597200000',1,10,'Cikarang','1543424400000'),('1543664800984',null,null,'161287317123123','1545930000000','Saya',12638716,2019,'12321hbjvjfj','1543683600000','1235378126<b>Bayu Arafli<b>Penata Kemudaan<b>IV.a<b>Kaicho<b>Staff','1548954000000','1548954000000',1,10,'bandung','null'),('1543666022392','132131','132131','12313123','1543597200000','13213',1232131,12321,'12313','1543942800000','196312061992031007<b>Drs. H. JUHANDI, M.Si<b>Pembina Utama Muda<b>II.a<b><b>KEPALA BADAN PENDAPATAN','-23319990000000','-23319990000000',1231,12313,'13131','1543424400000'),('1543666790683','NomorNomor','NomorNomor','Dasardasar','1544029200000','123213123131',1231231,1232131,'123213','1544634000000','12783628713<b>Hanna Hafifah<b>Penata muda<b>IV.a<b>DESIGN ANALYST<b>staff','-23319990000000','3823219328400000',1,10,'12312313','1546016400000'),('1543739177431','89898','89898','2737','1543683600000','Bupati',2018,2018,'8329','1543683600000','1235378126<b>Bayu Arafli<b>Penata Kemudaan<b>IV.a<b>Kaicho<b>Staff','1514739600000','1517418000000',2,2,'Bekasi','1543683600000');
INSERT INTO tim_perintah VALUES('1542873990163','1235378126<b>Bayu Arafli<b>Penata Kemudaan<b>IV.a<b>Kaicho<b>Staff','12783628713<b>Hanna Hafifah<b>Penata muda<b>IV.a<b>DESIGN ANALYST<b>staff','null','Tim Kaicho','1235378126<b>Bayu Arafli<b>Penata Kemudaan<b>IV.a<b>Kaicho<b>Staff<p>98097077700<b>Okazaki<b>Vice Kaicho<b>Jalan yang salah<b>Vice Kaicho<b>Staff','1542006560917'),('1542939483666','12783628713<b>Hanna Hafifah<b>Penata muda<b>IV.a<b>DESIGN ANALYST<b>staff','1235378126<b>Bayu Arafli<b>Penata Kemudaan<b>IV.a<b>Kaicho<b>Staff','null','Tim 1','81927389217<b>Rony Nata<b>Penata muda<b>IV.a<b>Analyst<b>staff<p>08011994<b>Bagus Jatikusuma<b>Kaicho<b>Jalan yang lurus<b>kaicho<b>staff<p>7698613613658175<b>Konayuki<b>Vice Kaicho<b>Kiri<b>vice kaicho<b>staff','1542006560917<p>1542029878107'),('1542939483666','81927389217<b>Rony Nata<b>Penata muda<b>IV.a<b>Analyst<b>staff','98097077700<b>Okazaki<b>Vice Kaicho<b>Jalan yang salah<b>Vice Kaicho<b>pejabat','null','Tim Kaicho','1235378126<b>Bayu Arafli<b>Penata Kemudaan<b>IV.a<b>Kaicho<b>Staff<p>98097077700<b>Okazaki<b>Vice Kaicho<b>Jalan yang salah<b>Vice Kaicho<b>Staff','1542029878127<p>1542029878139'),('1543368975544','08011994<b>Bagus Jatikusuma<b>Kaicho<b>Jalan yang lurus<b>kaicho<b>Kepala Dinas','81927389217<b>Rony Nata<b>Penata muda<b>IV.a<b>Analyst<b>staff','01','Tim 1','81927389217<b>Rony Nata<b>Penata muda<b>IV.a<b>Analyst<b>staff<p>08011994<b>Bagus Jatikusuma<b>Kaicho<b>Jalan yang lurus<b>kaicho<b>staff<p>7698613613658175<b>Konayuki<b>Vice Kaicho<b>Kiri<b>vice kaicho<b>staff','1542006560917'),('1543368975544','12783628713<b>Hanna Hafifah<b>Penata muda<b>IV.a<b>DESIGN ANALYST<b>staff','1235378126<b>Bayu Arafli<b>Penata Kemudaan<b>IV.a<b>Kaicho<b>Staff','1542636223626','Tim Kaicho','1235378126<b>Bayu Arafli<b>Penata Kemudaan<b>IV.a<b>Kaicho<b>Staff<p>98097077700<b>Okazaki<b>Vice Kaicho<b>Jalan yang salah<b>Vice Kaicho<b>Staff','1542006560917'),('1543369195774','1235378126<b>Bayu Arafli<b>Penata Kemudaan<b>IV.a<b>Kaicho<b>Staff','81927389217<b>Rony Nata<b>Penata muda<b>IV.a<b>Analyst<b>staff','01','Tim 1','81927389217<b>Rony Nata<b>Penata muda<b>IV.a<b>Analyst<b>staff<p>08011994<b>Bagus Jatikusuma<b>Kaicho<b>Jalan yang lurus<b>kaicho<b>staff<p>7698613613658175<b>Konayuki<b>Vice Kaicho<b>Kiri<b>vice kaicho<b>staff','1542006560917'),('1543369195774','12783628713<b>Hanna Hafifah<b>Penata muda<b>IV.a<b>DESIGN ANALYST<b>staff','08011994<b>Bagus Jatikusuma<b>Kaicho<b>Jalan yang lurus<b>kaicho<b>Kepala Dinas','02','Tim 2','12783628713<b>Hanna Hafifah<b>Penata muda<b>IV.a<b>DESIGN ANALYST<b>staff','1542029878107'),('1543369195774','98097077700<b>Okazaki<b>Vice Kaicho<b>Jalan yang salah<b>Vice Kaicho<b>pejabat','7698613613658175<b>Konayuki<b>Vice Kaicho<b>Kiri<b>vice kaicho<b>Non-pejabat','1542636223626','Tim Kaicho','1235378126<b>Bayu Arafli<b>Penata Kemudaan<b>IV.a<b>Kaicho<b>Staff<p>98097077700<b>Okazaki<b>Vice Kaicho<b>Jalan yang salah<b>Vice Kaicho<b>Staff','1542029878127'),('1543461245484','1235378126<b>Bayu Arafli<b>Penata Kemudaan<b>IV.a<b>Kaicho<b>Staff','81927389217<b>Rony Nata<b>Penata muda<b>IV.a<b>Analyst<b>staff','1542636223626','Tim Kaicho','1235378126<b>Bayu Arafli<b>Penata Kemudaan<b>IV.a<b>Kaicho<b>Staff<p>98097077700<b>Okazaki<b>Vice Kaicho<b>Jalan yang salah<b>Vice Kaicho<b>Staff','1542006560917<p>1542029878107'),('1543461245484','1235378126<b>Bayu Arafli<b>Penata Kemudaan<b>IV.a<b>Kaicho<b>Staff','81927389217<b>Rony Nata<b>Penata muda<b>IV.a<b>Analyst<b>staff','02','Tim 2','12783628713<b>Hanna Hafifah<b>Penata muda<b>IV.a<b>DESIGN ANALYST<b>staff','1542029878127'),('1543461245484','1235378126<b>Bayu Arafli<b>Penata Kemudaan<b>IV.a<b>Kaicho<b>Staff','81927389217<b>Rony Nata<b>Penata muda<b>IV.a<b>Analyst<b>staff','1542636223626','Tim Kaicho','1235378126<b>Bayu Arafli<b>Penata Kemudaan<b>IV.a<b>Kaicho<b>Staff<p>98097077700<b>Okazaki<b>Vice Kaicho<b>Jalan yang salah<b>Vice Kaicho<b>Staff','1542029878139'),('1543461634071','1235378126<b>Bayu Arafli<b>Penata Kemudaan<b>IV.a<b>Kaicho<b>Staff','81927389217<b>Rony Nata<b>Penata muda<b>IV.a<b>Analyst<b>staff','01','Tim 1','81927389217<b>Rony Nata<b>Penata muda<b>IV.a<b>Analyst<b>staff<p>08011994<b>Bagus Jatikusuma<b>Kaicho<b>Jalan yang lurus<b>kaicho<b>staff<p>7698613613658175<b>Konayuki<b>Vice Kaicho<b>Kiri<b>vice kaicho<b>staff','1542006560917<p>1542029878107'),('1543461634071','1235378126<b>Bayu Arafli<b>Penata Kemudaan<b>IV.a<b>Kaicho<b>Staff','81927389217<b>Rony Nata<b>Penata muda<b>IV.a<b>Analyst<b>staff','02','Tim 2','12783628713<b>Hanna Hafifah<b>Penata muda<b>IV.a<b>DESIGN ANALYST<b>staff','1542029878127'),('1543461634071','1235378126<b>Bayu Arafli<b>Penata Kemudaan<b>IV.a<b>Kaicho<b>Staff','81927389217<b>Rony Nata<b>Penata muda<b>IV.a<b>Analyst<b>staff','1542636223626','Tim Kaicho','1235378126<b>Bayu Arafli<b>Penata Kemudaan<b>IV.a<b>Kaicho<b>Staff<p>98097077700<b>Okazaki<b>Vice Kaicho<b>Jalan yang salah<b>Vice Kaicho<b>Staff','1542029878139'),('1543500445158','08011994<b>Bagus Jatikusuma<b>Kaicho<b>Jalan yang lurus<b>kaicho<b>Kepala Dinas','12783628713<b>Hanna Hafifah<b>Penata muda<b>IV.a<b>DESIGN ANALYST<b>staff','01','Tim 1','81927389217<b>Rony Nata<b>Penata muda<b>IV.a<b>Analyst<b>staff<p>08011994<b>Bagus Jatikusuma<b>Kaicho<b>Jalan yang lurus<b>kaicho<b>staff<p>7698613613658175<b>Konayuki<b>Vice Kaicho<b>Kiri<b>vice kaicho<b>staff','1542006560917'),('1543500445158','1235378126<b>Bayu Arafli<b>Penata Kemudaan<b>IV.a<b>Kaicho<b>Staff','81927389217<b>Rony Nata<b>Penata muda<b>IV.a<b>Analyst<b>staff','02','Tim 2','12783628713<b>Hanna Hafifah<b>Penata muda<b>IV.a<b>DESIGN ANALYST<b>staff','1542029878127'),('1543664800984','1235378126<b>Bayu Arafli<b>Penata Kemudaan<b>IV.a<b>Kaicho<b>Staff','12783628713<b>Hanna Hafifah<b>Penata muda<b>IV.a<b>DESIGN ANALYST<b>staff','01','Tim 1','81927389217<b>Rony Nata<b>Penata muda<b>IV.a<b>Analyst<b>staff<p>08011994<b>Bagus Jatikusuma<b>Kaicho<b>Jalan yang lurus<b>kaicho<b>staff<p>7698613613658175<b>Konayuki<b>Vice Kaicho<b>Kiri<b>vice kaicho<b>staff','1542006560917<p>1542029878107'),('1543666022392','1235378126<b>Bayu Arafli<b>Penata Kemudaan<b>IV.a<b>Kaicho<b>Staff','81927389217<b>Rony Nata<b>Penata muda<b>IV.a<b>Analyst<b>staff','02','Tim 2','12783628713<b>Hanna Hafifah<b>Penata muda<b>IV.a<b>DESIGN ANALYST<b>staff','1542006560917'),('1543666790683','12783628713<b>Hanna Hafifah<b>Penata muda<b>IV.a<b>DESIGN ANALYST<b>staff','81927389217<b>Rony Nata<b>Penata muda<b>IV.a<b>Analyst<b>staff','01','Tim 1','81927389217<b>Rony Nata<b>Penata muda<b>IV.a<b>Analyst<b>staff<p>08011994<b>Bagus Jatikusuma<b>Kaicho<b>Jalan yang lurus<b>kaicho<b>staff<p>7698613613658175<b>Konayuki<b>Vice Kaicho<b>Kiri<b>vice kaicho<b>staff','1542006560917'),('1543739177431','81927389217<b>Rony Nata<b>Penata muda<b>IV.a<b>Analyst<b>staff','7698613613658175<b>Konayuki<b>Vice Kaicho<b>Kiri<b>vice kaicho<b>Non-pejabat','01','Tim 1','81927389217<b>Rony Nata<b>Penata muda<b>IV.a<b>Analyst<b>staff<p>08011994<b>Bagus Jatikusuma<b>Kaicho<b>Jalan yang lurus<b>kaicho<b>staff<p>7698613613658175<b>Konayuki<b>Vice Kaicho<b>Kiri<b>vice kaicho<b>staff','1542006560917');

INSERT INTO nomor_berkas VALUES('1542006560917','1542873990163',null,null,null,null,null,null,null,null,null,null,null,null,null,null,null,null,null),('1542006560917','1542939483666',null,null,null,null,null,null,null,null,null,null,null,null,null,null,null,null,null),('1542029878107','1542939483666',null,null,null,null,null,null,null,null,null,null,null,null,null,null,null,null,null),('1542029878127','1542939483666',null,null,null,null,null,null,null,null,null,null,null,null,null,null,null,null,null),('1542029878139','1542939483666',null,null,null,null,null,null,null,null,null,null,null,null,null,null,null,null,null),('1542006560917','1543368975544',null,null,null,null,null,null,null,null,null,null,null,null,null,null,null,null,null),('1542006560917','1543368975544',null,null,null,null,null,null,null,null,null,null,null,null,null,null,null,null,null),('1542006560917','1543369195774',null,null,'asdhfkjsh123','1543338000000','PS09088','1543338000000',null,null,null,null,null,null,null,null,null,null,null),('1542029878107','1543369195774',null,null,'PSSL01','1543338000000','PS0989988','1543338000000',null,null,null,null,null,null,null,null,null,null,null),('1542029878127','1543369195774',null,null,'PSDR01','1543338000000','PS0908989','1543338000000',null,null,null,null,null,null,null,null,null,null,null),('1542006560917','1543461245484',null,null,null,null,null,null,null,null,null,null,null,null,null,null,null,null,null),('1542029878107','1543461245484',null,null,null,null,null,null,null,null,null,null,null,null,null,null,null,null,null),('1542029878127','1543461245484',null,null,null,null,null,null,null,null,null,null,null,null,null,null,null,null,null),('1542029878139','1543461245484',null,null,null,null,null,null,null,null,null,null,null,null,null,null,null,null,null),('1542006560917','1543461634071',null,null,null,null,null,null,null,null,null,null,null,null,null,null,null,null,null),('1542029878107','1543461634071',null,null,null,null,null,null,null,null,null,null,null,null,null,null,null,null,null),('1542029878127','1543461634071',null,null,null,null,null,null,null,null,null,null,null,null,null,null,null,null,null),('1542029878139','1543461634071',null,null,null,null,null,null,null,null,null,null,null,null,null,null,null,null,null),('1542006560917','1543500445158',null,null,'BK098989897787','1543510800000','SPMBK09888','1543424400000',null,null,null,null,null,null,null,null,null,null,null),('1542029878127','1543500445158',null,null,'DR19808907','1543424400000','SPMDR9890770','1543424400000',null,null,null,null,null,null,null,null,null,null,null),('1542006560917','1543664800984',null,null,null,null,null,null,null,null,null,null,null,null,null,null,null,null,null),('1542029878107','1543664800984',null,null,null,null,null,null,null,null,null,null,null,null,null,null,null,null,null),('1542006560917','1543666022392',null,null,null,null,null,null,null,null,null,null,null,null,null,null,null,null,null),('1542006560917','1543666790683',null,null,null,null,null,null,null,null,null,null,null,null,null,null,null,null,null),('1542006560917','1543739177431',null,null,null,null,null,null,null,null,null,null,null,null,null,null,null,null,null);

